scientificName,location,OccurrenceStatus,basisOfRecord,kingdom
Rivulariaceae,Gebirgsbäche im Sauerland,,Human Observation,
Homoeothrix spec.,Gebirgsbäche im Sauerland,present,Human Observation,
Calothrix (fusca?),Gebirgsbäche im Sauerland,absent,Human Observation,
Gloeotrichia Pisum,Gebirgsbäche im Sauerland,absent,Human Observation,
Gloeotrichia intermedia,Gebirgsbäche im Sauerland,absent,Human Observation,Bacteria
Scytonemataceae,Gebirgsbäche im Sauerland,,Human Observation,Bacteria
Tolypothrix distorta,Gebirgsbäche im Sauerland,present,Human Observation,
Tolypothrix tenuis,Gebirgsbäche im Sauerland,absent,Human Observation,
Scytonema (crispum?),Gebirgsbäche im Sauerland,absent,Human Observation,Plantae
Desmonema Wrangelii,Gebirgsbäche im Sauerland,present,Human Observation,Bacteria
Microchaetaceae,Gebirgsbäche im Sauerland,,Human Observation,Bacteria
Microchaete spec.,Gebirgsbäche im Sauerland,absent,Human Observation,
Nostocaceae,Gebirgsbäche im Sauerland,,Human Observation,Bacteria
Nodularia spumigena,Gebirgsbäche im Sauerland,absent,Human Observation,Bacteria
Nostoc spec.,Gebirgsbäche im Sauerland,absent,Human Observation,Bacteria
Nostoc (Kihlmani?),Gebirgsbäche im Sauerland,absent,Human Observation,Bacteria
Anabaena spec.,Gebirgsbäche im Sauerland,absent,Human Observation,
Anabaena (echinospora?),Gebirgsbäche im Sauerland,absent,Human Observation,Bacteria
Anabaena flos-aquae,Gebirgsbäche im Sauerland,absent,Human Observation,
Cylindrospermum (stagnale?),Gebirgsbäche im Sauerland,absent,Human Observation,
Cylindrospermum maius,Gebirgsbäche im Sauerland,absent,Human Observation,Bacteria
Oscillatoriaceae,Gebirgsbäche im Sauerland,,Human Observation,Bacteria
Borzia trilocularis,Gebirgsbäche im Sauerland,absent,Human Observation,Bacteria
Borzia Spirulina Nordstedtii,Gebirgsbäche im Sauerland,absent,Human Observation,
Oscillatoria spec.,Gebirgsbäche im Sauerland,present,Human Observation,
Oscillatoria Borneti,Gebirgsbäche im Sauerland,present,Human Observation,Bacteria
Oscillatoria limosa,Gebirgsbäche im Sauerland,absent,Human Observation,
Oscillatoria tenuis,Gebirgsbäche im Sauerland,absent,Human Observation,
Oscillatoria Agardhii,Gebirgsbäche im Sauerland,absent,Human Observation,
Oscillatoria amphibia,Gebirgsbäche im Sauerland,absent,Human Observation,Bacteria
Oscillatoria amoena,Gebirgsbäche im Sauerland,absent,Human Observation,Bacteria
Oscillatoria splendida,Gebirgsbäche im Sauerland,absent,Human Observation,Bacteria
Oscillatoria Boryana,Gebirgsbäche im Sauerland,absent,Human Observation,Bacteria
*60. Phormidium spec.,Gebirgsbäche im Sauerland,present,Human Observation,
Lyngbya contorta,Gebirgsbäche im Sauerland,absent,Human Observation,Bacteria
(versicolor?),Gebirgsbäche im Sauerland,absent,Human Observation,Metazoa
Schizothrix spec.,Gebirgsbäche im Sauerland,absent,Human Observation,
(Hypheothrix spec.),Gebirgsbäche im Sauerland,present,Human Observation,
Ⅳ. Chlorophyceae.,Gebirgsbäche im Sauerland,,Human Observation,
Tetrasporales,Gebirgsbäche im Sauerland,,Human Observation,Plantae
Gloeococcus Schroeteri,Gebirgsbäche im Sauerland,absent,Human Observation,Plantae
Palmella-Zustände,Gebirgsbäche im Sauerland,absent,Human Observation,Plantae
Asterococcus superbus,Gebirgsbäche im Sauerland,absent,Human Observation,Plantae
Gloeocystis ampla,Gebirgsbäche im Sauerland,absent,Human Observation,Plantae
Gloeocystis oesiculosa,Gebirgsbäche im Sauerland,absent,Human Observation,
Palmodictyon varium,Gebirgsbäche im Sauerland,absent,Human Observation,Plantae
Tetraspora gelatinosa,Gebirgsbäche im Sauerland,present,Human Observation,
Tetraspora cylindrica,Gebirgsbäche im Sauerland,present,Human Observation,Viridiplantae
Rivulariaceae,Plankton der Werse bei Münster,,Human Observation,
Homoeothrix spec.,Plankton der Werse bei Münster,absent,Human Observation,
Calothrix (fusca?),Plankton der Werse bei Münster,absent,Human Observation,
Gloeotrichia Pisum,Plankton der Werse bei Münster,absent,Human Observation,
Gloeotrichia intermedia,Plankton der Werse bei Münster,absent,Human Observation,Bacteria
Scytonemataceae,Plankton der Werse bei Münster,,Human Observation,Bacteria
Tolypothrix distorta,Plankton der Werse bei Münster,absent,Human Observation,
Tolypothrix tenuis,Plankton der Werse bei Münster,absent,Human Observation,
Scytonema (crispum?),Plankton der Werse bei Münster,absent,Human Observation,Plantae
Desmonema Wrangelii,Plankton der Werse bei Münster,absent,Human Observation,Bacteria
Microchaetaceae,Plankton der Werse bei Münster,,Human Observation,Bacteria
Microchaete spec.,Plankton der Werse bei Münster,absent,Human Observation,
Nostocaceae,Plankton der Werse bei Münster,,Human Observation,Bacteria
Nodularia spumigena,Plankton der Werse bei Münster,absent,Human Observation,Bacteria
Nostoc spec.,Plankton der Werse bei Münster,absent,Human Observation,Bacteria
Nostoc (Kihlmani?),Plankton der Werse bei Münster,absent,Human Observation,Bacteria
Anabaena spec.,Plankton der Werse bei Münster,absent,Human Observation,
Anabaena (echinospora?),Plankton der Werse bei Münster,absent,Human Observation,Bacteria
Anabaena flos-aquae,Plankton der Werse bei Münster,absent,Human Observation,
Cylindrospermum (stagnale?),Plankton der Werse bei Münster,absent,Human Observation,
Cylindrospermum maius,Plankton der Werse bei Münster,absent,Human Observation,Bacteria
Oscillatoriaceae,Plankton der Werse bei Münster,,Human Observation,Bacteria
Borzia trilocularis,Plankton der Werse bei Münster,absent,Human Observation,Bacteria
Borzia Spirulina Nordstedtii,Plankton der Werse bei Münster,absent,Human Observation,
Oscillatoria spec.,Plankton der Werse bei Münster,present,Human Observation,
Oscillatoria Borneti,Plankton der Werse bei Münster,absent,Human Observation,Bacteria
Oscillatoria limosa,Plankton der Werse bei Münster,absent,Human Observation,
Oscillatoria tenuis,Plankton der Werse bei Münster,absent,Human Observation,
Oscillatoria Agardhii,Plankton der Werse bei Münster,absent,Human Observation,
Oscillatoria amphibia,Plankton der Werse bei Münster,absent,Human Observation,Bacteria
Oscillatoria amoena,Plankton der Werse bei Münster,absent,Human Observation,Bacteria
Oscillatoria splendida,Plankton der Werse bei Münster,absent,Human Observation,Bacteria
Oscillatoria Boryana,Plankton der Werse bei Münster,absent,Human Observation,Bacteria
*60. Phormidium spec.,Plankton der Werse bei Münster,absent,Human Observation,
Lyngbya contorta,Plankton der Werse bei Münster,absent,Human Observation,Bacteria
(versicolor?),Plankton der Werse bei Münster,absent,Human Observation,Metazoa
Schizothrix spec.,Plankton der Werse bei Münster,absent,Human Observation,
(Hypheothrix spec.),Plankton der Werse bei Münster,absent,Human Observation,
Ⅳ. Chlorophyceae.,Plankton der Werse bei Münster,,Human Observation,
Tetrasporales,Plankton der Werse bei Münster,,Human Observation,Plantae
Gloeococcus Schroeteri,Plankton der Werse bei Münster,absent,Human Observation,Plantae
Palmella-Zustände,Plankton der Werse bei Münster,absent,Human Observation,Plantae
Asterococcus superbus,Plankton der Werse bei Münster,absent,Human Observation,Plantae
Gloeocystis ampla,Plankton der Werse bei Münster,absent,Human Observation,Plantae
Gloeocystis oesiculosa,Plankton der Werse bei Münster,absent,Human Observation,
Palmodictyon varium,Plankton der Werse bei Münster,absent,Human Observation,Plantae
Tetraspora gelatinosa,Plankton der Werse bei Münster,absent,Human Observation,
Tetraspora cylindrica,Plankton der Werse bei Münster,absent,Human Observation,Viridiplantae
Rivulariaceae,Ruhr,,Human Observation,
Homoeothrix spec.,Ruhr,absent,Human Observation,
Calothrix (fusca?),Ruhr,absent,Human Observation,
Gloeotrichia Pisum,Ruhr,absent,Human Observation,
Gloeotrichia intermedia,Ruhr,absent,Human Observation,Bacteria
Scytonemataceae,Ruhr,,Human Observation,Bacteria
Tolypothrix distorta,Ruhr,absent,Human Observation,
Tolypothrix tenuis,Ruhr,absent,Human Observation,
Scytonema (crispum?),Ruhr,absent,Human Observation,Plantae
Desmonema Wrangelii,Ruhr,absent,Human Observation,Bacteria
Microchaetaceae,Ruhr,,Human Observation,Bacteria
Microchaete spec.,Ruhr,absent,Human Observation,
Nostocaceae,Ruhr,,Human Observation,Bacteria
Nodularia spumigena,Ruhr,absent,Human Observation,Bacteria
Nostoc spec.,Ruhr,absent,Human Observation,Bacteria
Nostoc (Kihlmani?),Ruhr,absent,Human Observation,Bacteria
Anabaena spec.,Ruhr,absent,Human Observation,
Anabaena (echinospora?),Ruhr,absent,Human Observation,Bacteria
Anabaena flos-aquae,Ruhr,absent,Human Observation,
Cylindrospermum (stagnale?),Ruhr,absent,Human Observation,
Cylindrospermum maius,Ruhr,absent,Human Observation,Bacteria
Oscillatoriaceae,Ruhr,,Human Observation,Bacteria
Borzia trilocularis,Ruhr,absent,Human Observation,Bacteria
Borzia Spirulina Nordstedtii,Ruhr,absent,Human Observation,
Oscillatoria spec.,Ruhr,absent,Human Observation,
Oscillatoria Borneti,Ruhr,absent,Human Observation,Bacteria
Oscillatoria limosa,Ruhr,present,Human Observation,
Oscillatoria tenuis,Ruhr,present,Human Observation,
Oscillatoria Agardhii,Ruhr,present,Human Observation,
Oscillatoria amphibia,Ruhr,absent,Human Observation,Bacteria
Oscillatoria amoena,Ruhr,absent,Human Observation,Bacteria
Oscillatoria splendida,Ruhr,absent,Human Observation,Bacteria
Oscillatoria Boryana,Ruhr,absent,Human Observation,Bacteria
*60. Phormidium spec.,Ruhr,absent,Human Observation,
Lyngbya contorta,Ruhr,absent,Human Observation,Bacteria
(versicolor?),Ruhr,absent,Human Observation,Metazoa
Schizothrix spec.,Ruhr,absent,Human Observation,
(Hypheothrix spec.),Ruhr,absent,Human Observation,
Ⅳ. Chlorophyceae.,Ruhr,,Human Observation,
Tetrasporales,Ruhr,,Human Observation,Plantae
Gloeococcus Schroeteri,Ruhr,absent,Human Observation,Plantae
Palmella-Zustände,Ruhr,absent,Human Observation,Plantae
Asterococcus superbus,Ruhr,absent,Human Observation,Plantae
Gloeocystis ampla,Ruhr,absent,Human Observation,Plantae
Gloeocystis oesiculosa,Ruhr,absent,Human Observation,
Palmodictyon varium,Ruhr,absent,Human Observation,Plantae
Tetraspora gelatinosa,Ruhr,absent,Human Observation,
Tetraspora cylindrica,Ruhr,absent,Human Observation,Viridiplantae
Rivulariaceae,Lippe,,Human Observation,
Homoeothrix spec.,Lippe,absent,Human Observation,
Calothrix (fusca?),Lippe,absent,Human Observation,
Gloeotrichia Pisum,Lippe,absent,Human Observation,
Gloeotrichia intermedia,Lippe,absent,Human Observation,Bacteria
Scytonemataceae,Lippe,,Human Observation,Bacteria
Tolypothrix distorta,Lippe,absent,Human Observation,
Tolypothrix tenuis,Lippe,absent,Human Observation,
Scytonema (crispum?),Lippe,absent,Human Observation,Plantae
Desmonema Wrangelii,Lippe,absent,Human Observation,Bacteria
Microchaetaceae,Lippe,,Human Observation,Bacteria
Microchaete spec.,Lippe,absent,Human Observation,
Nostocaceae,Lippe,,Human Observation,Bacteria
Nodularia spumigena,Lippe,absent,Human Observation,Bacteria
Nostoc spec.,Lippe,absent,Human Observation,Bacteria
Nostoc (Kihlmani?),Lippe,absent,Human Observation,Bacteria
Anabaena spec.,Lippe,absent,Human Observation,
Anabaena (echinospora?),Lippe,absent,Human Observation,Bacteria
Anabaena flos-aquae,Lippe,absent,Human Observation,
Cylindrospermum (stagnale?),Lippe,absent,Human Observation,
Cylindrospermum maius,Lippe,absent,Human Observation,Bacteria
Oscillatoriaceae,Lippe,,Human Observation,Bacteria
Borzia trilocularis,Lippe,absent,Human Observation,Bacteria
Borzia Spirulina Nordstedtii,Lippe,absent,Human Observation,
Oscillatoria spec.,Lippe,absent,Human Observation,
Oscillatoria Borneti,Lippe,absent,Human Observation,Bacteria
Oscillatoria limosa,Lippe,present,Human Observation,
Oscillatoria tenuis,Lippe,present,Human Observation,
Oscillatoria Agardhii,Lippe,absent,Human Observation,
Oscillatoria amphibia,Lippe,absent,Human Observation,Bacteria
Oscillatoria amoena,Lippe,absent,Human Observation,Bacteria
Oscillatoria splendida,Lippe,absent,Human Observation,Bacteria
Oscillatoria Boryana,Lippe,absent,Human Observation,Bacteria
*60. Phormidium spec.,Lippe,absent,Human Observation,
Lyngbya contorta,Lippe,absent,Human Observation,Bacteria
(versicolor?),Lippe,absent,Human Observation,Metazoa
Schizothrix spec.,Lippe,absent,Human Observation,
(Hypheothrix spec.),Lippe,absent,Human Observation,
Ⅳ. Chlorophyceae.,Lippe,,Human Observation,
Tetrasporales,Lippe,,Human Observation,Plantae
Gloeococcus Schroeteri,Lippe,absent,Human Observation,Plantae
Palmella-Zustände,Lippe,absent,Human Observation,Plantae
Asterococcus superbus,Lippe,absent,Human Observation,Plantae
Gloeocystis ampla,Lippe,absent,Human Observation,Plantae
Gloeocystis oesiculosa,Lippe,absent,Human Observation,
Palmodictyon varium,Lippe,absent,Human Observation,Plantae
Tetraspora gelatinosa,Lippe,absent,Human Observation,
Tetraspora cylindrica,Lippe,absent,Human Observation,Viridiplantae
Rivulariaceae,Eder,,Human Observation,
Homoeothrix spec.,Eder,absent,Human Observation,
Calothrix (fusca?),Eder,absent,Human Observation,
Gloeotrichia Pisum,Eder,absent,Human Observation,
Gloeotrichia intermedia,Eder,absent,Human Observation,Bacteria
Scytonemataceae,Eder,,Human Observation,Bacteria
Tolypothrix distorta,Eder,absent,Human Observation,
Tolypothrix tenuis,Eder,absent,Human Observation,
Scytonema (crispum?),Eder,absent,Human Observation,Plantae
Desmonema Wrangelii,Eder,absent,Human Observation,Bacteria
Microchaetaceae,Eder,,Human Observation,Bacteria
Microchaete spec.,Eder,absent,Human Observation,
Nostocaceae,Eder,,Human Observation,Bacteria
Nodularia spumigena,Eder,absent,Human Observation,Bacteria
Nostoc spec.,Eder,absent,Human Observation,Bacteria
Nostoc (Kihlmani?),Eder,absent,Human Observation,Bacteria
Anabaena spec.,Eder,absent,Human Observation,
Anabaena (echinospora?),Eder,absent,Human Observation,Bacteria
Anabaena flos-aquae,Eder,absent,Human Observation,
Cylindrospermum (stagnale?),Eder,absent,Human Observation,
Cylindrospermum maius,Eder,absent,Human Observation,Bacteria
Oscillatoriaceae,Eder,,Human Observation,Bacteria
Borzia trilocularis,Eder,absent,Human Observation,Bacteria
Borzia Spirulina Nordstedtii,Eder,absent,Human Observation,
Oscillatoria spec.,Eder,absent,Human Observation,
Oscillatoria Borneti,Eder,absent,Human Observation,Bacteria
Oscillatoria limosa,Eder,present,Human Observation,
Oscillatoria tenuis,Eder,absent,Human Observation,
Oscillatoria Agardhii,Eder,absent,Human Observation,
Oscillatoria amphibia,Eder,absent,Human Observation,Bacteria
Oscillatoria amoena,Eder,absent,Human Observation,Bacteria
Oscillatoria splendida,Eder,absent,Human Observation,Bacteria
Oscillatoria Boryana,Eder,absent,Human Observation,Bacteria
*60. Phormidium spec.,Eder,present,Human Observation,
Lyngbya contorta,Eder,absent,Human Observation,Bacteria
(versicolor?),Eder,absent,Human Observation,Metazoa
Schizothrix spec.,Eder,present,Human Observation,
(Hypheothrix spec.),Eder,absent,Human Observation,
Ⅳ. Chlorophyceae.,Eder,,Human Observation,
Tetrasporales,Eder,,Human Observation,Plantae
Gloeococcus Schroeteri,Eder,absent,Human Observation,Plantae
Palmella-Zustände,Eder,absent,Human Observation,Plantae
Asterococcus superbus,Eder,absent,Human Observation,Plantae
Gloeocystis ampla,Eder,present,Human Observation,Plantae
Gloeocystis oesiculosa,Eder,absent,Human Observation,
Palmodictyon varium,Eder,absent,Human Observation,Plantae
Tetraspora gelatinosa,Eder,present,Human Observation,
Tetraspora cylindrica,Eder,absent,Human Observation,Viridiplantae
Rivulariaceae,Salinen und Salzgräben im südlichen Gebiet,,Human Observation,
Homoeothrix spec.,Salinen und Salzgräben im südlichen Gebiet,absent,Human Observation,
Calothrix (fusca?),Salinen und Salzgräben im südlichen Gebiet,absent,Human Observation,
Gloeotrichia Pisum,Salinen und Salzgräben im südlichen Gebiet,absent,Human Observation,
Gloeotrichia intermedia,Salinen und Salzgräben im südlichen Gebiet,absent,Human Observation,Bacteria
Scytonemataceae,Salinen und Salzgräben im südlichen Gebiet,,Human Observation,Bacteria
Tolypothrix distorta,Salinen und Salzgräben im südlichen Gebiet,absent,Human Observation,
Tolypothrix tenuis,Salinen und Salzgräben im südlichen Gebiet,absent,Human Observation,
Scytonema (crispum?),Salinen und Salzgräben im südlichen Gebiet,absent,Human Observation,Plantae
Desmonema Wrangelii,Salinen und Salzgräben im südlichen Gebiet,absent,Human Observation,Bacteria
Microchaetaceae,Salinen und Salzgräben im südlichen Gebiet,,Human Observation,Bacteria
Microchaete spec.,Salinen und Salzgräben im südlichen Gebiet,absent,Human Observation,
Nostocaceae,Salinen und Salzgräben im südlichen Gebiet,,Human Observation,Bacteria
Nodularia spumigena,Salinen und Salzgräben im südlichen Gebiet,absent,Human Observation,Bacteria
Nostoc spec.,Salinen und Salzgräben im südlichen Gebiet,absent,Human Observation,Bacteria
Nostoc (Kihlmani?),Salinen und Salzgräben im südlichen Gebiet,absent,Human Observation,Bacteria
Anabaena spec.,Salinen und Salzgräben im südlichen Gebiet,absent,Human Observation,
Anabaena (echinospora?),Salinen und Salzgräben im südlichen Gebiet,absent,Human Observation,Bacteria
Anabaena flos-aquae,Salinen und Salzgräben im südlichen Gebiet,absent,Human Observation,
Cylindrospermum (stagnale?),Salinen und Salzgräben im südlichen Gebiet,absent,Human Observation,Bacteria
Cylindrospermum maius,Salinen und Salzgräben im südlichen Gebiet,absent,Human Observation,Bacteria
Oscillatoriaceae,Salinen und Salzgräben im südlichen Gebiet,,Human Observation,Bacteria
Borzia trilocularis,Salinen und Salzgräben im südlichen Gebiet,absent,Human Observation,Bacteria
Borzia Spirulina Nordstedtii,Salinen und Salzgräben im südlichen Gebiet,absent,Human Observation,
Oscillatoria spec.,Salinen und Salzgräben im südlichen Gebiet,absent,Human Observation,
Oscillatoria Borneti,Salinen und Salzgräben im südlichen Gebiet,absent,Human Observation,Bacteria
Oscillatoria limosa,Salinen und Salzgräben im südlichen Gebiet,absent,Human Observation,
Oscillatoria tenuis,Salinen und Salzgräben im südlichen Gebiet,absent,Human Observation,
Oscillatoria Agardhii,Salinen und Salzgräben im südlichen Gebiet,absent,Human Observation,
Oscillatoria amphibia,Salinen und Salzgräben im südlichen Gebiet,present,Human Observation,Bacteria
Oscillatoria amoena,Salinen und Salzgräben im südlichen Gebiet,absent,Human Observation,Bacteria
Oscillatoria splendida,Salinen und Salzgräben im südlichen Gebiet,absent,Human Observation,Bacteria
Oscillatoria Boryana,Salinen und Salzgräben im südlichen Gebiet,present,Human Observation,Bacteria
*60. Phormidium spec.,Salinen und Salzgräben im südlichen Gebiet,absent,Human Observation,
Lyngbya contorta,Salinen und Salzgräben im südlichen Gebiet,absent,Human Observation,Bacteria
(versicolor?),Salinen und Salzgräben im südlichen Gebiet,absent,Human Observation,Metazoa
Schizothrix spec.,Salinen und Salzgräben im südlichen Gebiet,absent,Human Observation,
(Hypheothrix spec.),Salinen und Salzgräben im südlichen Gebiet,absent,Human Observation,
Ⅳ. Chlorophyceae.,Salinen und Salzgräben im südlichen Gebiet,,Human Observation,
Tetrasporales,Salinen und Salzgräben im südlichen Gebiet,,Human Observation,Plantae
Gloeococcus Schroeteri,Salinen und Salzgräben im südlichen Gebiet,absent,Human Observation,Plantae
Palmella-Zustände,Salinen und Salzgräben im südlichen Gebiet,absent,Human Observation,Plantae
Asterococcus superbus,Salinen und Salzgräben im südlichen Gebiet,absent,Human Observation,Plantae
Gloeocystis ampla,Salinen und Salzgräben im südlichen Gebiet,absent,Human Observation,Plantae
Gloeocystis oesiculosa,Salinen und Salzgräben im südlichen Gebiet,absent,Human Observation,
Palmodictyon varium,Salinen und Salzgräben im südlichen Gebiet,absent,Human Observation,Plantae
Tetraspora gelatinosa,Salinen und Salzgräben im südlichen Gebiet,absent,Human Observation,
Tetraspora cylindrica,Salinen und Salzgräben im südlichen Gebiet,absent,Human Observation,Viridiplantae
Rivulariaceae,desgl. im nördlichen Gebiet,,Human Observation,
Homoeothrix spec.,desgl. im nördlichen Gebiet,absent,Human Observation,
Calothrix (fusca?),desgl. im nördlichen Gebiet,absent,Human Observation,
Gloeotrichia Pisum,desgl. im nördlichen Gebiet,absent,Human Observation,
Gloeotrichia intermedia,desgl. im nördlichen Gebiet,absent,Human Observation,Bacteria
Scytonemataceae,desgl. im nördlichen Gebiet,,Human Observation,Bacteria
Tolypothrix distorta,desgl. im nördlichen Gebiet,absent,Human Observation,
Tolypothrix tenuis,desgl. im nördlichen Gebiet,absent,Human Observation,
Scytonema (crispum?),desgl. im nördlichen Gebiet,absent,Human Observation,Plantae
Desmonema Wrangelii,desgl. im nördlichen Gebiet,absent,Human Observation,Bacteria
Microchaetaceae,desgl. im nördlichen Gebiet,,Human Observation,Bacteria
Microchaete spec.,desgl. im nördlichen Gebiet,absent,Human Observation,
Nostocaceae,desgl. im nördlichen Gebiet,,Human Observation,Bacteria
Nodularia spumigena,desgl. im nördlichen Gebiet,absent,Human Observation,Bacteria
Nostoc spec.,desgl. im nördlichen Gebiet,absent,Human Observation,Bacteria
Nostoc (Kihlmani?),desgl. im nördlichen Gebiet,absent,Human Observation,Bacteria
Anabaena spec.,desgl. im nördlichen Gebiet,absent,Human Observation,
Anabaena (echinospora?),desgl. im nördlichen Gebiet,absent,Human Observation,Bacteria
Anabaena flos-aquae,desgl. im nördlichen Gebiet,absent,Human Observation,
Cylindrospermum (stagnale?),desgl. im nördlichen Gebiet,absent,Human Observation,Bacteria
Cylindrospermum maius,desgl. im nördlichen Gebiet,absent,Human Observation,Bacteria
Oscillatoriaceae,desgl. im nördlichen Gebiet,,Human Observation,Bacteria
Borzia trilocularis,desgl. im nördlichen Gebiet,absent,Human Observation,Bacteria
Borzia Spirulina Nordstedtii,desgl. im nördlichen Gebiet,absent,Human Observation,
Oscillatoria spec.,desgl. im nördlichen Gebiet,absent,Human Observation,
Oscillatoria Borneti,desgl. im nördlichen Gebiet,absent,Human Observation,Bacteria
Oscillatoria limosa,desgl. im nördlichen Gebiet,absent,Human Observation,
Oscillatoria tenuis,desgl. im nördlichen Gebiet,absent,Human Observation,
Oscillatoria Agardhii,desgl. im nördlichen Gebiet,absent,Human Observation,
Oscillatoria amphibia,desgl. im nördlichen Gebiet,present,Human Observation,Bacteria
Oscillatoria amoena,desgl. im nördlichen Gebiet,present,Human Observation,Bacteria
Oscillatoria splendida,desgl. im nördlichen Gebiet,absent,Human Observation,Bacteria
Oscillatoria Boryana,desgl. im nördlichen Gebiet,absent,Human Observation,Bacteria
*60. Phormidium spec.,desgl. im nördlichen Gebiet,absent,Human Observation,
Lyngbya contorta,desgl. im nördlichen Gebiet,absent,Human Observation,Bacteria
(versicolor?),desgl. im nördlichen Gebiet,absent,Human Observation,Metazoa
Schizothrix spec.,desgl. im nördlichen Gebiet,absent,Human Observation,
(Hypheothrix spec.),desgl. im nördlichen Gebiet,absent,Human Observation,
Ⅳ. Chlorophyceae.,desgl. im nördlichen Gebiet,,Human Observation,
Tetrasporales,desgl. im nördlichen Gebiet,,Human Observation,Plantae
Gloeococcus Schroeteri,desgl. im nördlichen Gebiet,absent,Human Observation,Plantae
Palmella-Zustände,desgl. im nördlichen Gebiet,absent,Human Observation,Plantae
Asterococcus superbus,desgl. im nördlichen Gebiet,absent,Human Observation,Plantae
Gloeocystis ampla,desgl. im nördlichen Gebiet,absent,Human Observation,Plantae
Gloeocystis oesiculosa,desgl. im nördlichen Gebiet,absent,Human Observation,
Palmodictyon varium,desgl. im nördlichen Gebiet,absent,Human Observation,Plantae
Tetraspora gelatinosa,desgl. im nördlichen Gebiet,absent,Human Observation,
Tetraspora cylindrica,desgl. im nördlichen Gebiet,absent,Human Observation,Viridiplantae
Rivulariaceae,Plankton der Talsperren,,Human Observation,
Homoeothrix spec.,Plankton der Talsperren,absent,Human Observation,
Calothrix (fusca?),Plankton der Talsperren,absent,Human Observation,
Gloeotrichia Pisum,Plankton der Talsperren,absent,Human Observation,
Gloeotrichia intermedia,Plankton der Talsperren,absent,Human Observation,Bacteria
Scytonemataceae,Plankton der Talsperren,,Human Observation,Bacteria
Tolypothrix distorta,Plankton der Talsperren,absent,Human Observation,
Tolypothrix tenuis,Plankton der Talsperren,absent,Human Observation,
Scytonema (crispum?),Plankton der Talsperren,absent,Human Observation,Plantae
Desmonema Wrangelii,Plankton der Talsperren,absent,Human Observation,Bacteria
Microchaetaceae,Plankton der Talsperren,,Human Observation,Bacteria
Microchaete spec.,Plankton der Talsperren,absent,Human Observation,
Nostocaceae,Plankton der Talsperren,,Human Observation,Bacteria
Nodularia spumigena,Plankton der Talsperren,absent,Human Observation,Bacteria
Nostoc spec.,Plankton der Talsperren,absent,Human Observation,Bacteria
Nostoc (Kihlmani?),Plankton der Talsperren,absent,Human Observation,Bacteria
Anabaena spec.,Plankton der Talsperren,absent,Human Observation,
Anabaena (echinospora?),Plankton der Talsperren,absent,Human Observation,Bacteria
Anabaena flos-aquae,Plankton der Talsperren,present,Human Observation,
Cylindrospermum (stagnale?),Plankton der Talsperren,absent,Human Observation,Bacteria
Cylindrospermum maius,Plankton der Talsperren,absent,Human Observation,Bacteria
Oscillatoriaceae,Plankton der Talsperren,,Human Observation,Bacteria
Borzia trilocularis,Plankton der Talsperren,absent,Human Observation,Bacteria
Borzia Spirulina Nordstedtii,Plankton der Talsperren,absent,Human Observation,
Oscillatoria spec.,Plankton der Talsperren,absent,Human Observation,
Oscillatoria Borneti,Plankton der Talsperren,absent,Human Observation,Bacteria
Oscillatoria limosa,Plankton der Talsperren,absent,Human Observation,
Oscillatoria tenuis,Plankton der Talsperren,absent,Human Observation,
Oscillatoria Agardhii,Plankton der Talsperren,present,Human Observation,
Oscillatoria amphibia,Plankton der Talsperren,absent,Human Observation,Bacteria
Oscillatoria amoena,Plankton der Talsperren,absent,Human Observation,Bacteria
Oscillatoria splendida,Plankton der Talsperren,absent,Human Observation,Bacteria
Oscillatoria Boryana,Plankton der Talsperren,absent,Human Observation,Bacteria
*60. Phormidium spec.,Plankton der Talsperren,absent,Human Observation,
Lyngbya contorta,Plankton der Talsperren,absent,Human Observation,Bacteria
(versicolor?),Plankton der Talsperren,absent,Human Observation,Metazoa
Schizothrix spec.,Plankton der Talsperren,absent,Human Observation,
(Hypheothrix spec.),Plankton der Talsperren,absent,Human Observation,
Ⅳ. Chlorophyceae.,Plankton der Talsperren,,Human Observation,
Tetrasporales,Plankton der Talsperren,,Human Observation,Plantae
Gloeococcus Schroeteri,Plankton der Talsperren,present,Human Observation,Plantae
Palmella-Zustände,Plankton der Talsperren,absent,Human Observation,Plantae
Asterococcus superbus,Plankton der Talsperren,absent,Human Observation,Plantae
Gloeocystis ampla,Plankton der Talsperren,absent,Human Observation,Plantae
Gloeocystis oesiculosa,Plankton der Talsperren,absent,Human Observation,
Palmodictyon varium,Plankton der Talsperren,absent,Human Observation,Plantae
Tetraspora gelatinosa,Plankton der Talsperren,absent,Human Observation,
Tetraspora cylindrica,Plankton der Talsperren,absent,Human Observation,Viridiplantae
Rivulariaceae,Plankton des Dortmund-Ems Kanals,,Human Observation,
Homoeothrix spec.,Plankton des Dortmund-Ems Kanals,absent,Human Observation,
Calothrix (fusca?),Plankton des Dortmund-Ems Kanals,absent,Human Observation,
Gloeotrichia Pisum,Plankton des Dortmund-Ems Kanals,absent,Human Observation,
Gloeotrichia intermedia,Plankton des Dortmund-Ems Kanals,absent,Human Observation,Bacteria
Scytonemataceae,Plankton des Dortmund-Ems Kanals,,Human Observation,Bacteria
Tolypothrix distorta,Plankton des Dortmund-Ems Kanals,absent,Human Observation,
Tolypothrix tenuis,Plankton des Dortmund-Ems Kanals,absent,Human Observation,
Scytonema (crispum?),Plankton des Dortmund-Ems Kanals,absent,Human Observation,Plantae
Desmonema Wrangelii,Plankton des Dortmund-Ems Kanals,absent,Human Observation,Bacteria
Microchaetaceae,Plankton des Dortmund-Ems Kanals,,Human Observation,Bacteria
Microchaete spec.,Plankton des Dortmund-Ems Kanals,absent,Human Observation,
Nostocaceae,Plankton des Dortmund-Ems Kanals,,Human Observation,Bacteria
Nodularia spumigena,Plankton des Dortmund-Ems Kanals,absent,Human Observation,Bacteria
Nostoc spec.,Plankton des Dortmund-Ems Kanals,absent,Human Observation,Bacteria
Nostoc (Kihlmani?),Plankton des Dortmund-Ems Kanals,absent,Human Observation,Bacteria
Anabaena spec.,Plankton des Dortmund-Ems Kanals,absent,Human Observation,
Anabaena (echinospora?),Plankton des Dortmund-Ems Kanals,absent,Human Observation,Bacteria
Anabaena flos-aquae,Plankton des Dortmund-Ems Kanals,absent,Human Observation,
Cylindrospermum (stagnale?),Plankton des Dortmund-Ems Kanals,absent,Human Observation,Bacteria
Cylindrospermum maius,Plankton des Dortmund-Ems Kanals,absent,Human Observation,Bacteria
Oscillatoriaceae,Plankton des Dortmund-Ems Kanals,,Human Observation,Bacteria
Borzia trilocularis,Plankton des Dortmund-Ems Kanals,absent,Human Observation,Bacteria
Borzia Spirulina Nordstedtii,Plankton des Dortmund-Ems Kanals,absent,Human Observation,
Oscillatoria spec.,Plankton des Dortmund-Ems Kanals,present,Human Observation,
Oscillatoria Borneti,Plankton des Dortmund-Ems Kanals,absent,Human Observation,Bacteria
Oscillatoria limosa,Plankton des Dortmund-Ems Kanals,absent,Human Observation,
Oscillatoria tenuis,Plankton des Dortmund-Ems Kanals,absent,Human Observation,
Oscillatoria Agardhii,Plankton des Dortmund-Ems Kanals,absent,Human Observation,
Oscillatoria amphibia,Plankton des Dortmund-Ems Kanals,absent,Human Observation,Bacteria
Oscillatoria amoena,Plankton des Dortmund-Ems Kanals,absent,Human Observation,Bacteria
Oscillatoria splendida,Plankton des Dortmund-Ems Kanals,absent,Human Observation,Bacteria
Oscillatoria Boryana,Plankton des Dortmund-Ems Kanals,absent,Human Observation,Bacteria
*60. Phormidium spec.,Plankton des Dortmund-Ems Kanals,absent,Human Observation,
Lyngbya contorta,Plankton des Dortmund-Ems Kanals,absent,Human Observation,Bacteria
(versicolor?),Plankton des Dortmund-Ems Kanals,absent,Human Observation,Metazoa
Schizothrix spec.,Plankton des Dortmund-Ems Kanals,absent,Human Observation,
(Hypheothrix spec.),Plankton des Dortmund-Ems Kanals,absent,Human Observation,
Ⅳ. Chlorophyceae.,Plankton des Dortmund-Ems Kanals,,Human Observation,
Tetrasporales,Plankton des Dortmund-Ems Kanals,,Human Observation,Plantae
Gloeococcus Schroeteri,Plankton des Dortmund-Ems Kanals,absent,Human Observation,Plantae
Palmella-Zustände,Plankton des Dortmund-Ems Kanals,absent,Human Observation,Plantae
Asterococcus superbus,Plankton des Dortmund-Ems Kanals,absent,Human Observation,Plantae
Gloeocystis ampla,Plankton des Dortmund-Ems Kanals,absent,Human Observation,Plantae
Gloeocystis oesiculosa,Plankton des Dortmund-Ems Kanals,absent,Human Observation,
Palmodictyon varium,Plankton des Dortmund-Ems Kanals,absent,Human Observation,Plantae
Tetraspora gelatinosa,Plankton des Dortmund-Ems Kanals,absent,Human Observation,
Tetraspora cylindrica,Plankton des Dortmund-Ems Kanals,absent,Human Observation,Viridiplantae
Rivulariaceae,"Teiche und Moor stellen ,“Kipshagen ”",,Human Observation,
Homoeothrix spec.,"Teiche und Moor stellen ,“Kipshagen ”",absent,Human Observation,
Calothrix (fusca?),"Teiche und Moor stellen ,“Kipshagen ”",absent,Human Observation,
Gloeotrichia Pisum,"Teiche und Moor stellen ,“Kipshagen ”",absent,Human Observation,
Gloeotrichia intermedia,"Teiche und Moor stellen ,“Kipshagen ”",absent,Human Observation,Bacteria
Scytonemataceae,"Teiche und Moor stellen ,“Kipshagen ”",,Human Observation,Bacteria
Tolypothrix distorta,"Teiche und Moor stellen ,“Kipshagen ”",absent,Human Observation,
Tolypothrix tenuis,"Teiche und Moor stellen ,“Kipshagen ”",absent,Human Observation,
Scytonema (crispum?),"Teiche und Moor stellen ,“Kipshagen ”",absent,Human Observation,Plantae
Desmonema Wrangelii,"Teiche und Moor stellen ,“Kipshagen ”",absent,Human Observation,Bacteria
Microchaetaceae,"Teiche und Moor stellen ,“Kipshagen ”",,Human Observation,Bacteria
Microchaete spec.,"Teiche und Moor stellen ,“Kipshagen ”",absent,Human Observation,
Nostocaceae,"Teiche und Moor stellen ,“Kipshagen ”",,Human Observation,Bacteria
Nodularia spumigena,"Teiche und Moor stellen ,“Kipshagen ”",absent,Human Observation,Bacteria
Nostoc spec.,"Teiche und Moor stellen ,“Kipshagen ”",present,Human Observation,Bacteria
Nostoc (Kihlmani?),"Teiche und Moor stellen ,“Kipshagen ”",absent,Human Observation,Bacteria
Anabaena spec.,"Teiche und Moor stellen ,“Kipshagen ”",absent,Human Observation,
Anabaena (echinospora?),"Teiche und Moor stellen ,“Kipshagen ”",absent,Human Observation,Bacteria
Anabaena flos-aquae,"Teiche und Moor stellen ,“Kipshagen ”",absent,Human Observation,
Cylindrospermum (stagnale?),"Teiche und Moor stellen ,“Kipshagen ”",absent,Human Observation,Bacteria
Cylindrospermum maius,"Teiche und Moor stellen ,“Kipshagen ”",absent,Human Observation,Bacteria
Oscillatoriaceae,"Teiche und Moor stellen ,“Kipshagen ”",,Human Observation,Bacteria
Borzia trilocularis,"Teiche und Moor stellen ,“Kipshagen ”",present,Human Observation,Bacteria
Borzia Spirulina Nordstedtii,"Teiche und Moor stellen ,“Kipshagen ”",absent,Human Observation,
Oscillatoria spec.,"Teiche und Moor stellen ,“Kipshagen ”",absent,Human Observation,
Oscillatoria Borneti,"Teiche und Moor stellen ,“Kipshagen ”",absent,Human Observation,Bacteria
Oscillatoria limosa,"Teiche und Moor stellen ,“Kipshagen ”",absent,Human Observation,
Oscillatoria tenuis,"Teiche und Moor stellen ,“Kipshagen ”",absent,Human Observation,
Oscillatoria Agardhii,"Teiche und Moor stellen ,“Kipshagen ”",absent,Human Observation,
Oscillatoria amphibia,"Teiche und Moor stellen ,“Kipshagen ”",absent,Human Observation,Bacteria
Oscillatoria amoena,"Teiche und Moor stellen ,“Kipshagen ”",absent,Human Observation,Bacteria
Oscillatoria splendida,"Teiche und Moor stellen ,“Kipshagen ”",absent,Human Observation,Bacteria
Oscillatoria Boryana,"Teiche und Moor stellen ,“Kipshagen ”",absent,Human Observation,Bacteria
*60. Phormidium spec.,"Teiche und Moor stellen ,“Kipshagen ”",absent,Human Observation,
Lyngbya contorta,"Teiche und Moor stellen ,“Kipshagen ”",absent,Human Observation,Bacteria
(versicolor?),"Teiche und Moor stellen ,“Kipshagen ”",absent,Human Observation,Metazoa
Schizothrix spec.,"Teiche und Moor stellen ,“Kipshagen ”",absent,Human Observation,
(Hypheothrix spec.),"Teiche und Moor stellen ,“Kipshagen ”",absent,Human Observation,
Ⅳ. Chlorophyceae.,"Teiche und Moor stellen ,“Kipshagen ”",,Human Observation,
Tetrasporales,"Teiche und Moor stellen ,“Kipshagen ”",,Human Observation,Plantae
Gloeococcus Schroeteri,"Teiche und Moor stellen ,“Kipshagen ”",absent,Human Observation,Plantae
Palmella-Zustände,"Teiche und Moor stellen ,“Kipshagen ”",absent,Human Observation,Plantae
Asterococcus superbus,"Teiche und Moor stellen ,“Kipshagen ”",absent,Human Observation,Plantae
Gloeocystis ampla,"Teiche und Moor stellen ,“Kipshagen ”",present,Human Observation,Plantae
Gloeocystis oesiculosa,"Teiche und Moor stellen ,“Kipshagen ”",absent,Human Observation,
Palmodictyon varium,"Teiche und Moor stellen ,“Kipshagen ”",absent,Human Observation,Plantae
Tetraspora gelatinosa,"Teiche und Moor stellen ,“Kipshagen ”",absent,Human Observation,
Tetraspora cylindrica,"Teiche und Moor stellen ,“Kipshagen ”",absent,Human Observation,Viridiplantae
Rivulariaceae,"Seen, Weiher und Moorstellen ,“Heiliges Meer""",,Human Observation,
Homoeothrix spec.,"Seen, Weiher und Moorstellen ,“Heiliges Meer""",absent,Human Observation,
Calothrix (fusca?),"Seen, Weiher und Moorstellen ,“Heiliges Meer""",present,Human Observation,
Gloeotrichia Pisum,"Seen, Weiher und Moorstellen ,“Heiliges Meer""",present,Human Observation,
Gloeotrichia intermedia,"Seen, Weiher und Moorstellen ,“Heiliges Meer""",present,Human Observation,Bacteria
Scytonemataceae,"Seen, Weiher und Moorstellen ,“Heiliges Meer""",,Human Observation,Bacteria
Tolypothrix distorta,"Seen, Weiher und Moorstellen ,“Heiliges Meer""",present,Human Observation,
Tolypothrix tenuis,"Seen, Weiher und Moorstellen ,“Heiliges Meer""",present,Human Observation,
Scytonema (crispum?),"Seen, Weiher und Moorstellen ,“Heiliges Meer""",present,Human Observation,Plantae
Desmonema Wrangelii,"Seen, Weiher und Moorstellen ,“Heiliges Meer""",absent,Human Observation,Bacteria
Microchaetaceae,"Seen, Weiher und Moorstellen ,“Heiliges Meer""",,Human Observation,Bacteria
Microchaete spec.,"Seen, Weiher und Moorstellen ,“Heiliges Meer""",present,Human Observation,
Nostocaceae,"Seen, Weiher und Moorstellen ,“Heiliges Meer""",,Human Observation,Bacteria
Nodularia spumigena,"Seen, Weiher und Moorstellen ,“Heiliges Meer""",present,Human Observation,Bacteria
Nostoc spec.,"Seen, Weiher und Moorstellen ,“Heiliges Meer""",absent,Human Observation,Bacteria
Nostoc (Kihlmani?),"Seen, Weiher und Moorstellen ,“Heiliges Meer""",present,Human Observation,Bacteria
Anabaena spec.,"Seen, Weiher und Moorstellen ,“Heiliges Meer""",present,Human Observation,
Anabaena (echinospora?),"Seen, Weiher und Moorstellen ,“Heiliges Meer""",present,Human Observation,Bacteria
Anabaena flos-aquae,"Seen, Weiher und Moorstellen ,“Heiliges Meer""",absent,Human Observation,
Cylindrospermum (stagnale?),"Seen, Weiher und Moorstellen ,“Heiliges Meer""",present,Human Observation,Bacteria
Cylindrospermum maius,"Seen, Weiher und Moorstellen ,“Heiliges Meer""",present,Human Observation,Bacteria
Oscillatoriaceae,"Seen, Weiher und Moorstellen ,“Heiliges Meer""",,Human Observation,Bacteria
Borzia trilocularis,"Seen, Weiher und Moorstellen ,“Heiliges Meer""",absent,Human Observation,Bacteria
Borzia Spirulina Nordstedtii,"Seen, Weiher und Moorstellen ,“Heiliges Meer""",present,Human Observation,
Oscillatoria spec.,"Seen, Weiher und Moorstellen ,“Heiliges Meer""",present,Human Observation,
Oscillatoria Borneti,"Seen, Weiher und Moorstellen ,“Heiliges Meer""",absent,Human Observation,Bacteria
Oscillatoria limosa,"Seen, Weiher und Moorstellen ,“Heiliges Meer""",present,Human Observation,
Oscillatoria tenuis,"Seen, Weiher und Moorstellen ,“Heiliges Meer""",absent,Human Observation,
Oscillatoria Agardhii,"Seen, Weiher und Moorstellen ,“Heiliges Meer""",absent,Human Observation,
Oscillatoria amphibia,"Seen, Weiher und Moorstellen ,“Heiliges Meer""",present,Human Observation,Bacteria
Oscillatoria amoena,"Seen, Weiher und Moorstellen ,“Heiliges Meer""",absent,Human Observation,Bacteria
Oscillatoria splendida,"Seen, Weiher und Moorstellen ,“Heiliges Meer""",present,Human Observation,Bacteria
Oscillatoria Boryana,"Seen, Weiher und Moorstellen ,“Heiliges Meer""",absent,Human Observation,Bacteria
*60. Phormidium spec.,"Seen, Weiher und Moorstellen ,“Heiliges Meer""",present,Human Observation,
Lyngbya contorta,"Seen, Weiher und Moorstellen ,“Heiliges Meer""",present,Human Observation,Bacteria
(versicolor?),"Seen, Weiher und Moorstellen ,“Heiliges Meer""",present,Human Observation,Metazoa
Schizothrix spec.,"Seen, Weiher und Moorstellen ,“Heiliges Meer""",present,Human Observation,
(Hypheothrix spec.),"Seen, Weiher und Moorstellen ,“Heiliges Meer""",absent,Human Observation,
Ⅳ. Chlorophyceae.,"Seen, Weiher und Moorstellen ,“Heiliges Meer""",,Human Observation,
Tetrasporales,"Seen, Weiher und Moorstellen ,“Heiliges Meer""",,Human Observation,Plantae
Gloeococcus Schroeteri,"Seen, Weiher und Moorstellen ,“Heiliges Meer""",present,Human Observation,Plantae
Palmella-Zustände,"Seen, Weiher und Moorstellen ,“Heiliges Meer""",present,Human Observation,Plantae
Asterococcus superbus,"Seen, Weiher und Moorstellen ,“Heiliges Meer""",present,Human Observation,Plantae
Gloeocystis ampla,"Seen, Weiher und Moorstellen ,“Heiliges Meer""",present,Human Observation,Plantae
Gloeocystis oesiculosa,"Seen, Weiher und Moorstellen ,“Heiliges Meer""",absent,Human Observation,
Palmodictyon varium,"Seen, Weiher und Moorstellen ,“Heiliges Meer""",present,Human Observation,Plantae
Tetraspora gelatinosa,"Seen, Weiher und Moorstellen ,“Heiliges Meer""",present,Human Observation,
Tetraspora cylindrica,"Seen, Weiher und Moorstellen ,“Heiliges Meer""",absent,Human Observation,Viridiplantae
Rivulariaceae,Moore im Sauer und Münsterland,,Human Observation,
Homoeothrix spec.,Moore im Sauer und Münsterland,absent,Human Observation,
Calothrix (fusca?),Moore im Sauer und Münsterland,absent,Human Observation,
Gloeotrichia Pisum,Moore im Sauer und Münsterland,present,Human Observation,
Gloeotrichia intermedia,Moore im Sauer und Münsterland,absent,Human Observation,Bacteria
Scytonemataceae,Moore im Sauer und Münsterland,,Human Observation,Bacteria
Tolypothrix distorta,Moore im Sauer und Münsterland,absent,Human Observation,
Tolypothrix tenuis,Moore im Sauer und Münsterland,absent,Human Observation,
Scytonema (crispum?),Moore im Sauer und Münsterland,absent,Human Observation,Plantae
Desmonema Wrangelii,Moore im Sauer und Münsterland,absent,Human Observation,Bacteria
Microchaetaceae,Moore im Sauer und Münsterland,,Human Observation,Bacteria
Microchaete spec.,Moore im Sauer und Münsterland,absent,Human Observation,
Nostocaceae,Moore im Sauer und Münsterland,,Human Observation,Bacteria
Nodularia spumigena,Moore im Sauer und Münsterland,absent,Human Observation,Bacteria
Nostoc spec.,Moore im Sauer und Münsterland,present,Human Observation,Bacteria
Nostoc (Kihlmani?),Moore im Sauer und Münsterland,absent,Human Observation,Bacteria
Anabaena spec.,Moore im Sauer und Münsterland,present,Human Observation,
Anabaena (echinospora?),Moore im Sauer und Münsterland,absent,Human Observation,Bacteria
Anabaena flos-aquae,Moore im Sauer und Münsterland,absent,Human Observation,
Cylindrospermum (stagnale?),Moore im Sauer und Münsterland,absent,Human Observation,Bacteria
Cylindrospermum maius,Moore im Sauer und Münsterland,absent,Human Observation,Bacteria
Oscillatoriaceae,Moore im Sauer und Münsterland,,Human Observation,Bacteria
Borzia trilocularis,Moore im Sauer und Münsterland,absent,Human Observation,Bacteria
Borzia Spirulina Nordstedtii,Moore im Sauer und Münsterland,absent,Human Observation,
Oscillatoria spec.,Moore im Sauer und Münsterland,absent,Human Observation,
Oscillatoria Borneti,Moore im Sauer und Münsterland,absent,Human Observation,Bacteria
Oscillatoria limosa,Moore im Sauer und Münsterland,absent,Human Observation,
Oscillatoria tenuis,Moore im Sauer und Münsterland,present,Human Observation,
Oscillatoria Agardhii,Moore im Sauer und Münsterland,absent,Human Observation,
Oscillatoria amphibia,Moore im Sauer und Münsterland,absent,Human Observation,Bacteria
Oscillatoria amoena,Moore im Sauer und Münsterland,absent,Human Observation,Bacteria
Oscillatoria splendida,Moore im Sauer und Münsterland,absent,Human Observation,Bacteria
Oscillatoria Boryana,Moore im Sauer und Münsterland,absent,Human Observation,Bacteria
*60. Phormidium spec.,Moore im Sauer und Münsterland,absent,Human Observation,
Lyngbya contorta,Moore im Sauer und Münsterland,absent,Human Observation,Bacteria
(versicolor?),Moore im Sauer und Münsterland,absent,Human Observation,Metazoa
Schizothrix spec.,Moore im Sauer und Münsterland,absent,Human Observation,
(Hypheothrix spec.),Moore im Sauer und Münsterland,absent,Human Observation,
Ⅳ. Chlorophyceae.,Moore im Sauer und Münsterland,,Human Observation,
Tetrasporales,Moore im Sauer und Münsterland,,Human Observation,Plantae
Gloeococcus Schroeteri,Moore im Sauer und Münsterland,present,Human Observation,Plantae
Palmella-Zustände,Moore im Sauer und Münsterland,present,Human Observation,Plantae
Asterococcus superbus,Moore im Sauer und Münsterland,present,Human Observation,Plantae
Gloeocystis ampla,Moore im Sauer und Münsterland,present,Human Observation,Plantae
Gloeocystis oesiculosa,Moore im Sauer und Münsterland,present,Human Observation,
Palmodictyon varium,Moore im Sauer und Münsterland,absent,Human Observation,Plantae
Tetraspora gelatinosa,Moore im Sauer und Münsterland,present,Human Observation,
Tetraspora cylindrica,Moore im Sauer und Münsterland,absent,Human Observation,Viridiplantae
